Experiment,Mode,Traffic Mix,Payload,Requests,RPS,p50_ms,p95_ms,p99_ms,CPU_%,RSS_MiB,BAR,Payload_Acq_Rate,Payload_Bytes,Bytes_Per_Req,TP,FP,FN,TN,TPR,FPR,Precision
EXP-01,baseline,100% Benign,1 KB,14579,3643.03,2.33,4.27,7.22,0.32,42.91,1.0,1.0,15176739,1041.0,0,0,0,0,N/A,N/A,N/A
EXP-01,baseline,100% Benign,4 KB,10496,2622.12,3.17,5.93,8.78,0.31,42.93,1.0,1.0,42971114,4094.05,0,0,0,0,N/A,N/A,N/A
EXP-01,baseline,100% Benign,16 KB,11424,2853.95,2.89,5.26,8.4,0.35,42.94,1.0,1.0,46792704,4096.0,0,0,0,0,N/A,N/A,N/A
EXP-01,baseline,100% Benign,64 KB,8407,2098.28,3.75,7.82,13.25,0.34,42.95,1.0,1.0,34435072,4096.0,0,0,0,0,N/A,N/A,N/A
EXP-02,baseline,99% Benign / 1% Attack,4 KB,13040,3257.96,2.73,4.8,9.8,0.3,42.99,1.0,1.0,53358363,4091.9,140,0,0,12900,1.0,0.0,1.0
EXP-03,baseline,90% Benign / 10% Attack,1 KB,12891,3221.36,2.5,5.78,12.1,0.31,42.99,1.0,1.0,13117251,1017.55,1235,0,0,11656,1.0,0.0,1.0
EXP-03,baseline,90% Benign / 10% Attack,4 KB,10263,2563.36,3.4,7.17,11.19,0.32,43.0,1.0,1.0,41943900,4086.9,994,0,0,9269,1.0,0.0,1.0
EXP-03,baseline,90% Benign / 10% Attack,16 KB,10156,2537.28,3.05,7.08,12.26,0.36,42.97,1.0,1.0,41598976,4096.0,1056,0,0,9100,1.0,0.0,1.0
EXP-03,baseline,90% Benign / 10% Attack,32 KB,10652,2661.06,2.95,5.98,11.1,0.35,42.98,1.0,1.0,43630592,4096.0,1028,0,0,9624,1.0,0.0,1.0
EXP-04,baseline,50% Benign / 50% Attack,4 KB,9740,2433.15,3.19,8.14,12.4,0.52,42.99,1.0,1.0,39754960,4081.62,4924,0,0,4816,1.0,0.0,1.0
EXP-05,baseline,"SQLi, XSS, Path Traversal, Benign",4 KB,11361,2838.35,2.63,7.07,12.05,0.48,43.22,1.0,1.0,668531,58.84,8546,0,0,2815,1.0,0.0,1.0
EXP-06,baseline,Adversarial Padding Past Window,16 KB,8555,2137.06,3.57,9.36,13.71,0.45,42.98,1.0,1.0,35041280,4096.0,8555,0,0,0,1.0,N/A,1.0
EXP-06,baseline,Adversarial Padding Past Window,32 KB,8674,2167.11,3.62,7.7,13.0,0.36,42.98,1.0,1.0,35528704,4096.0,8674,0,0,0,1.0,N/A,1.0
EXP-06,baseline,Adversarial Padding Past Window,64 KB,8800,2198.52,3.73,6.74,11.27,0.34,42.98,1.0,1.0,36044800,4096.0,8800,0,0,0,1.0,N/A,1.0
EXP-06,baseline,Adversarial Padding Past Window,128 KB,8019,2003.03,3.92,7.89,12.99,0.3,42.98,1.0,1.0,32845824,4096.0,8019,0,0,0,1.0,N/A,1.0
EXP-01,proposed,100% Benign,1 KB,15862,3962.58,2.23,4.19,7.09,0.33,41.85,0.0,0.0,0,0.0,0,0,0,15862,N/A,0.0,N/A
EXP-01,proposed,100% Benign,4 KB,17186,4294.84,2.08,3.58,6.15,0.31,41.87,0.0,0.0,0,0.0,0,0,0,17186,N/A,0.0,N/A
EXP-01,proposed,100% Benign,16 KB,14554,3636.55,2.36,4.21,6.76,0.39,41.93,0.0,0.0,0,0.0,0,0,0,14554,N/A,0.0,N/A
EXP-01,proposed,100% Benign,64 KB,13193,3297.2,2.52,4.34,7.63,0.32,41.95,0.0,0.0,0,0.0,0,0,0,13193,N/A,0.0,N/A
EXP-02,proposed,99% Benign / 1% Attack,4 KB,12845,3211.82,2.62,5.68,10.98,0.33,41.98,0.0103,0.0103,540340,42.07,132,0,0,12713,1.0,0.0,1.0
EXP-03,proposed,90% Benign / 10% Attack,1 KB,13522,3378.88,2.5,5.05,7.72,0.45,41.98,0.0966,0.0966,1286410,95.13,1306,0,0,12216,1.0,0.0,1.0
EXP-03,proposed,90% Benign / 10% Attack,4 KB,12815,3202.16,2.63,5.41,8.31,0.48,42.22,0.1059,0.1059,5502174,429.35,1357,0,0,11458,1.0,0.0,1.0
EXP-03,proposed,90% Benign / 10% Attack,16 KB,13909,3478.84,2.45,4.76,7.64,0.34,41.98,0.0978,0.0978,5570560,400.5,1360,0,0,12549,1.0,0.0,1.0
EXP-03,proposed,90% Benign / 10% Attack,32 KB,10085,2520.02,3.22,7.43,12.92,0.36,42.0,0.1008,0.1008,4165632,413.05,1017,0,0,9068,1.0,0.0,1.0
EXP-04,proposed,50% Benign / 50% Attack,4 KB,11114,2771.56,2.8,6.85,11.2,0.3,42.0,0.4967,0.4967,22489840,2023.56,5520,0,0,5594,1.0,0.0,1.0
EXP-05,proposed,"SQLi, XSS, Path Traversal, Benign",4 KB,10663,2664.16,2.89,7.09,10.76,0.3,41.98,0.7553,0.7553,415510,38.97,8054,0,0,2609,1.0,0.0,1.0
EXP-06,proposed,Adversarial Padding Past Window,16 KB,9116,2277.0,3.66,6.94,11.71,0.32,41.97,1.0,1.0,37339136,4096.0,9116,0,0,26855,1.0,0.0,1.0
EXP-06,proposed,Adversarial Padding Past Window,32 KB,8861,2212.94,3.61,7.13,12.22,0.28,41.98,1.0,1.0,36294656,4096.0,8861,0,0,0,1.0,N/A,1.0
EXP-06,proposed,Adversarial Padding Past Window,64 KB,8435,2106.43,3.91,7.16,10.84,0.33,41.99,1.0,1.0,34549760,4096.0,8435,0,0,0,1.0,N/A,1.0
EXP-06,proposed,Adversarial Padding Past Window,128 KB,8541,2133.58,3.62,7.77,14.07,0.32,41.99,1.0,1.0,34983936,4096.0,8541,0,0,0,1.0,N/A,1.0
